Best,Epoch,Trades,Avg profit,Median profit,Total profit,Stake currency,Profit,Avg duration,Trade count long,Trade count short,Max drawdown,Max drawdown percent,Objective,buy_rsi,sell_rsi,roi_t1,roi_t2,roi_t3,roi_p1,roi_p2,roi_p3,stoploss,trailing_stop,trailing_stop_positive,trailing_stop_positive_offset_p1,trailing_only_offset_is_reached
*,1,0,0.00%,0.0,,EUR,0.00,0:00:00,0,0,0.0,0.00%,,20,84,487,288,189,0.089,0.136,0.037,-0.021000000000000005,True,0.019,0.017,True
*,2,12,-2.49%,-2.2690920846531117,-0.07006847,EUR,-70.07,"1 day, 6:55:00",12,0,88.99807003000001,8.78%,108.00000,28,67,1226,508,201,0.057,0.136,0.394,-0.091,True,0.015,0.048,True
*,3,2,0.80%,0.8031566602074788,0.00381769,EUR,3.82,22:00:00,2,0,0.0,0.00%,118.00000,24,73,533,134,150,0.039,0.1,0.238,-0.08600000000000001,True,0.023000000000000003,0.035,True
*,4,27,-0.87%,0.00022883344286350727,-0.05607479,EUR,-56.07,23:20:00,27,0,81.72926016,8.09%,875.56289,29,71,937,661,282,0.037,0.149,0.451,-0.08800000000000001,True,0.012,0.017,True
*,5,292,-0.37%,0.00952815373236794,-0.23536124,EUR,-235.36,21:37:00,292,0,240.08381745999998,23.90%,"5,301.28256",41,71,767,196,316,0.025,0.11199999999999999,0.11599999999999999,-0.07600000000000001,True,0.007,0.019000000000000003,True
*,6,373,-0.21%,0.00024867538312712786,-0.19618579,EUR,-196.19,"1 day, 7:03:00",373,0,229.56358256000004,22.88%,"5,930.58983",45,74,1115,554,317,0.035,0.028,0.10800000000000001,-0.08800000000000001,True,0.012,0.044000000000000004,True
*,7,0,0.00%,0.0,,EUR,0.00,0:00:00,0,0,0.0,0.00%,,22,83,731,405,168,0.07100000000000001,0.133,0.162,-0.091,True,0.017,0.048,True
*,8,0,0.00%,0.0,,EUR,0.00,0:00:00,0,0,0.0,0.00%,,23,79,392,444,347,0.052000000000000005,0.095,0.23,-0.034,True,0.012,0.03,True
*,9,142,-0.40%,0.00016681107257032575,-0.13372841,EUR,-133.73,"1 day, 4:32:00",142,0,219.6534067499999,21.97%,"15,337,848.74018",36,82,704,624,194,0.053,0.037,0.066,-0.098,True,0.015,0.047,True
*,10,0,0.00%,0.0,,EUR,0.00,0:00:00,0,0,0.0,0.00%,,22,65,749,574,445,0.052000000000000005,0.027,0.29800000000000004,-0.083,True,0.02,0.037,True
*,11,0,0.00%,0.0,,EUR,0.00,0:00:00,0,0,0.0,0.00%,,21,75,1295,500,189,0.063,0.07400000000000001,0.275,-0.069,True,0.012,0.028000000000000004,True
*,12,451,-0.18%,0.02663247132901132,-0.18838591,EUR,-188.39,18:35:00,451,0,211.61804490999998,20.88%,"1,634.13468",44,66,284,406,210,0.068,0.136,0.193,-0.079,True,0.008,0.023,True
*,13,0,0.00%,0.0,,EUR,0.00,0:00:00,0,0,0.0,0.00%,,23,62,639,285,359,0.09,0.101,0.20199999999999999,-0.045000000000000005,True,0.027,0.028000000000000004,True
*,14,150,-0.23%,0.0002539091415049535,-0.08950096,EUR,-89.50,"1 day, 9:55:00",150,0,206.2474752899999,20.55%,"6,503.28607",37,70,1439,498,350,0.07200000000000001,0.10200000000000001,0.318,-0.082,True,0.007,0.041,True
*,15,0,0.00%,0.0,,EUR,0.00,0:00:00,0,0,0.0,0.00%,,21,84,205,599,272,0.069,0.08499999999999999,0.098,-0.037000000000000005,True,0.014000000000000002,0.046000000000000006,True
*,16,379,-0.33%,-1.9725403013709704,-0.26827998,EUR,-268.28,19:03:00,379,0,268.77854398999995,26.86%,"56,044.64535",42,76,885,662,321,0.049,0.07400000000000001,0.063,-0.02500000000000001,True,0.025,0.025,True
*,17,4,-0.31%,-1.3874911026592565,-0.00302869,EUR,-3.03,18:15:00,4,0,13.3250068,1.32%,116.00000,25,67,675,349,287,0.062,0.1,0.29200000000000004,-0.02600000000000001,True,0.025,0.028999999999999998,True
*,18,78,-0.56%,-7.180214566539575e-05,-0.10212750,EUR,-102.13,23:45:00,78,0,109.44771402000002,10.94%,inf,33,71,786,570,364,0.07500000000000001,0.059000000000000004,0.35300000000000004,-0.04000000000000001,True,0.015,0.05,True
*,19,305,-0.29%,0.0033997416196369077,-0.20786865,EUR,-207.87,"1 day, 4:14:00",305,0,209.42111407000007,20.91%,"13,888.26353",42,79,1141,299,311,0.03,0.1,0.43600000000000005,-0.09000000000000001,True,0.026000000000000002,0.043000000000000003,True
*,20,338,-0.25%,0.0002411965120883871,-0.19921699,EUR,-199.22,"1 day, 2:21:00",338,0,232.3131951200001,23.06%,"3,168.88465",43,70,1214,261,202,0.054,0.08399999999999999,0.43500000000000005,-0.060000000000000005,True,0.017,0.041,True
*,21,237,-0.33%,0.7387167348193442,-0.17659975,EUR,-176.60,21:56:00,237,0,176.5997495700002,17.66%,inf,39,66,1414,671,422,0.065,0.05,0.239,-0.042,True,0.009000000000000001,0.016,True
*,22,164,-0.26%,3.726652885565966e-06,-0.10117294,EUR,-101.17,16:22:00,164,0,146.89027523000001,14.69%,inf,36,85,889,323,394,0.087,0.10600000000000001,0.385,-0.028999999999999998,True,0.006,0.019000000000000003,True
*,23,340,-0.22%,0.3145589960517121,-0.17749361,EUR,-177.49,"1 day, 1:00:00",340,0,196.29337262999985,19.41%,"1,819.51480",43,65,1299,521,249,0.092,0.14100000000000001,0.183,-0.061000000000000006,True,0.01,0.024,True
*,24,343,-0.25%,0.01290269832469321,-0.20358090,EUR,-203.58,"1 day, 1:32:00",343,0,236.95383440000003,23.70%,inf,43,68,1226,212,214,0.032,0.158,0.339,-0.069,True,0.029,0.046000000000000006,True
*,25,37,-0.08%,1.9179511770256622e-05,-0.00935566,EUR,-9.36,17:52:00,37,0,50.23754947,5.01%,"2,640.57004",30,67,244,691,154,0.081,0.148,0.27,-0.05,True,0.006,0.039,True
*,26,11,-1.45%,-2.5686963134603458,-0.03730138,EUR,-37.30,12:49:00,11,0,42.240349560000006,4.20%,109.00000,27,71,228,405,439,0.041999999999999996,0.121,0.143,-0.024000000000000007,True,0.018000000000000002,0.043000000000000003,True
*,27,4,-2.30%,-2.687328305245283,-0.02201170,EUR,-22.01,"1 day, 7:30:00",4,0,26.92957493,2.68%,116.00000,25,85,1119,155,444,0.057,0.055,0.147,-0.057,True,0.006,0.042,True
*,28,288,-0.42%,0.00013167395348941788,-0.26232323,EUR,-262.32,22:03:00,288,0,262.58273885999995,26.26%,"1,692,050,321.67438",41,70,550,267,306,0.054,0.095,0.047,-0.07200000000000001,True,0.007,0.036000000000000004,True
*,29,4,-1.00%,0.007565453478462947,-0.00962847,EUR,-9.63,"1 day, 3:15:00",4,0,15.268008600000002,1.52%,116.00000,25,72,850,197,284,0.08499999999999999,0.086,0.248,-0.062000000000000006,True,0.009000000000000001,0.036000000000000004,True
*,30,268,-0.43%,0.00952815373236794,-0.25314737,EUR,-253.15,"1 day, 3:27:00",268,0,254.6998130499999,25.43%,"17,989.40666",41,79,1200,242,355,0.026,0.044,0.089,-0.08700000000000001,True,0.023000000000000003,0.034,True
,31,172,-0.15%,0.00020843009796325362,-0.06608418,EUR,-66.08,18:06:00,172,0,144.14798770000002,14.41%,inf,37,60,888,422,232,0.059000000000000004,0.136,0.41300000000000003,-0.037000000000000005,True,0.006,0.03,True
,32,0,0.00%,0.0,,EUR,0.00,0:00:00,0,0,0.0,0.00%,,21,76,796,169,140,0.07500000000000001,0.035,0.12,-0.069,True,0.02,0.016,True
,33,37,-0.14%,1.918125736910453e-05,-0.01456252,EUR,-14.56,22:18:00,37,0,79.39746479,7.90%,"1,497.34162",30,73,295,489,260,0.07200000000000001,0.119,0.34,-0.07800000000000001,True,0.03,0.039,True
,34,356,-0.21%,0.0002175076287430478,-0.17454464,EUR,-174.54,23:44:00,356,0,206.65594526000007,20.52%,"3,189.85093",43,75,1290,140,123,0.081,0.03,0.239,-0.049,True,0.01,0.034,True
,35,0,0.00%,0.0,,EUR,0.00,0:00:00,0,0,0.0,0.00%,,23,79,809,306,371,0.064,0.136,0.158,-0.08600000000000001,True,0.021,0.020999999999999998,True
,36,4,-0.59%,-1.2801790604902217,-0.00562302,EUR,-5.62,18:30:00,4,0,12.236338929999999,1.22%,116.00000,25,85,675,632,121,0.07200000000000001,0.065,0.266,-0.024000000000000007,True,0.023000000000000003,0.047,True
,37,0,0.00%,0.0,,EUR,0.00,0:00:00,0,0,0.0,0.00%,,21,76,796,508,201,0.07500000000000001,0.136,0.394,-0.069,True,0.02,0.048,True
,38,4,-1.75%,-2.3439297672575305,-0.01701102,EUR,-17.01,"1 day, 9:45:00",4,0,30.607377680000003,3.02%,116.00000,25,85,1226,508,201,0.057,0.055,0.394,-0.091,True,0.015,0.048,True
,39,0,0.00%,0.0,,EUR,0.00,0:00:00,0,0,0.0,0.00%,,21,75,1295,500,189,0.063,0.07400000000000001,0.275,-0.069,True,0.03,0.028000000000000004,True
,40,4,-2.02%,-1.6112279879305154,-0.01954852,EUR,-19.55,18:30:00,4,0,30.402809249999997,3.02%,116.00000,25,71,1119,155,316,0.025,0.11199999999999999,0.11599999999999999,-0.07600000000000001,True,0.006,0.019000000000000003,True
,41,2,0.80%,0.8031566602074788,0.00381769,EUR,3.82,22:00:00,2,0,0.0,0.00%,118.00000,24,78,533,134,121,0.039,0.11599999999999999,0.238,-0.08600000000000001,True,0.023000000000000003,0.047,True
,42,400,-0.23%,0.0001222138246436306,-0.21555200,EUR,-215.55,"1 day, 2:45:00",400,0,240.25396986000004,24.03%,inf,45,72,1115,197,284,0.08499999999999999,0.086,0.248,-0.062000000000000006,True,0.012,0.044000000000000004,True
,43,0,0.00%,0.0,,EUR,0.00,0:00:00,0,0,0.0,0.00%,,21,83,731,405,168,0.057,0.07400000000000001,0.452,-0.091,True,0.012,0.028000000000000004,True
,44,37,0.16%,0.2036366867089454,0.01221666,EUR,12.22,19:57:00,37,0,36.091133,3.52%,220.66773,30,67,1290,140,154,0.081,0.148,0.239,-0.049,True,0.01,0.034,True
,45,4,-1.22%,-2.78347023435348,-0.01163324,EUR,-11.63,18:45:00,4,0,19.95146503,1.98%,116.00000,25,67,1115,349,287,0.035,0.1,0.29200000000000004,-0.02600000000000001,True,0.012,0.028999999999999998,True
,46,4,-0.60%,0.930449021732481,-0.00580659,EUR,-5.81,19:15:00,4,0,15.258851,1.52%,116.00000,25,72,937,197,284,0.037,0.086,0.248,-0.062000000000000006,True,0.012,0.017,True
,47,25,-0.92%,2.027121111212653e-06,-0.05443427,EUR,-54.43,23:41:00,25,0,79.69348616,7.86%,659.74455,29,71,850,197,282,0.08499999999999999,0.086,0.451,-0.08800000000000001,True,0.012,0.036000000000000004,True
,48,27,-0.74%,4.392904270570379e-06,-0.04766680,EUR,-47.67,20:11:00,27,0,79.33434598999999,7.86%,935.77637,29,73,937,134,150,0.037,0.149,0.451,-0.08800000000000001,True,0.012,0.017,True
,49,251,-0.45%,0.00017955070095963317,-0.25049780,EUR,-250.50,"1 day, 8:52:00",251,0,252.5537272400002,25.20%,"13,220.80041",41,83,1226,508,316,0.057,0.11199999999999999,0.11599999999999999,-0.07600000000000001,True,0.007,0.048,True
,50,0,0.00%,0.0,,EUR,0.00,0:00:00,0,0,0.0,0.00%,,22,75,731,405,123,0.07100000000000001,0.03,0.239,-0.049,True,0.01,0.048,True
,51,287,-0.33%,0.004111475214802711,-0.21384674,EUR,-213.85,22:11:00,287,0,213.84706025,21.38%,"1,324,643,499.93807",41,71,675,196,316,0.025,0.11199999999999999,0.266,-0.07600000000000001,True,0.007,0.047,True
,52,385,-0.14%,0.01290269832469321,-0.14459360,EUR,-144.59,"1 day, 4:21:00",385,0,219.4177688099999,21.71%,"2,067.19759",45,67,1115,554,317,0.035,0.1,0.29200000000000004,-0.08800000000000001,True,0.012,0.028999999999999998,True
,53,4,-1.31%,0.007565453896982357,-0.01254555,EUR,-12.55,"1 day, 1:15:00",4,0,17.52005584,1.74%,116.00000,25,73,533,349,150,0.062,0.1,0.29200000000000004,-0.08600000000000001,True,0.025,0.028999999999999998,True
,54,4,-2.34%,-2.687328305870566,-0.02250116,EUR,-22.50,"1 day, 8:15:00",4,0,30.48710122,3.02%,116.00000,25,61,1439,498,350,0.07200000000000001,0.1,0.318,-0.082,True,0.025,0.028999999999999998,True
,55,2,1.05%,1.046502402938858,0.00497439,EUR,4.97,"1 day, 0:00:00",2,0,0.0,0.00%,118.00000,24,73,533,134,394,0.039,0.1,0.238,-0.08600000000000001,True,0.023000000000000003,0.035,True
,56,0,0.00%,0.0,,EUR,0.00,0:00:00,0,0,0.0,0.00%,,22,83,731,405,140,0.07100000000000001,0.133,0.12,-0.091,True,0.017,0.016,True
,57,4,-1.09%,-2.564680727385324,-0.01041707,EUR,-10.42,18:45:00,4,0,18.43431813,1.83%,116.00000,25,85,1138,323,121,0.07200000000000001,0.03,0.239,-0.024000000000000007,True,0.01,0.034,True
,58,37,-0.10%,4.646054103920975e-06,-0.01119340,EUR,-11.19,23:10:00,37,0,79.35908434,7.90%,"1,626.02708",30,73,228,489,439,0.041999999999999996,0.119,0.143,-0.07800000000000001,True,0.018000000000000002,0.043000000000000003,True
,59,0,0.00%,0.0,,EUR,0.00,0:00:00,0,0,0.0,0.00%,,21,73,533,134,150,0.07500000000000001,0.1,0.092,-0.08600000000000001,True,0.023000000000000003,0.035,True
,60,396,-0.16%,0.0002702067808792829,-0.15833697,EUR,-158.34,"1 day, 3:07:00",396,0,223.22894423,22.01%,"1,672.05456",45,74,1119,155,444,0.035,0.028,0.10800000000000001,-0.07400000000000001,True,0.006,0.042,True
,61,351,-0.26%,0.01013974193043349,-0.20754942,EUR,-207.55,"1 day, 0:36:00",351,0,216.4508622900003,21.45%,"2,461.19388",43,76,1299,169,249,0.092,0.035,0.12,-0.061000000000000006,True,0.01,0.024,True
,62,12,-2.70%,-2.2690920834681454,-0.07571111,EUR,-75.71,"1 day, 5:50:00",12,0,88.60754278000002,8.78%,108.00000,28,67,937,415,282,0.057,0.136,0.451,-0.091,True,0.012,0.048,True
,63,376,-0.17%,0.20463019652278439,-0.16240566,EUR,-162.41,"1 day, 3:05:00",376,0,182.86921172999996,17.92%,945.64806,44,70,1439,406,210,0.07200000000000001,0.07100000000000001,0.193,-0.079,True,0.008,0.023,True
,64,313,-0.17%,0.01290269832469321,-0.13693831,EUR,-136.94,"1 day, 2:02:00",313,0,164.76587018,16.33%,"1,894.49532",42,79,1141,299,121,0.03,0.065,0.43600000000000005,-0.09000000000000001,True,0.026000000000000002,0.043000000000000003,True
,65,4,-1.09%,0.007565452852182828,-0.01047824,EUR,-10.48,"1 day, 1:30:00",4,0,17.55686268,1.74%,116.00000,25,67,244,691,154,0.057,0.055,0.147,-0.093,True,0.006,0.042,True
,66,272,-0.42%,0.00028620484661652333,-0.24690897,EUR,-246.91,"1 day, 0:59:00",272,0,248.71768940999993,24.83%,"15,097.41778",41,71,767,306,316,0.025,0.11199999999999999,0.11599999999999999,-0.08600000000000001,True,0.021,0.019000000000000003,True
,67,25,-1.07%,2.0303135198080956e-06,-0.06328794,EUR,-63.29,"1 day, 3:22:00",25,0,84.19234682000001,8.31%,703.91101,29,79,937,661,282,0.026,0.149,0.095,-0.08700000000000001,True,0.025,0.034,True
,68,26,-0.62%,-2.6709188305185534,-0.03808217,EUR,-38.08,18:12:00,26,0,58.47100391,5.73%,368.55960,29,71,984,661,282,0.049,0.149,0.451,-0.02500000000000001,True,0.025,0.025,True
,69,337,-0.24%,0.0057614887686978315,-0.18959716,EUR,-189.60,"1 day, 2:39:00",337,0,199.98524586000002,19.79%,"1,968.33702",43,79,1299,521,249,0.092,0.095,0.183,-0.061000000000000006,True,0.01,0.024,True
,70,379,-0.25%,0.29897408361742756,-0.21272114,EUR,-212.72,20:33:00,379,0,214.6943713699999,21.43%,"11,444.11251",43,68,1115,140,317,0.081,0.028,0.10800000000000001,-0.049,True,0.012,0.016,True
,71,2,0.68%,0.6816443061748308,0.00324282,EUR,3.24,11:00:00,2,0,0.0,0.00%,118.00000,24,66,284,134,210,0.068,0.1,0.193,-0.08600000000000001,True,0.008,0.035,True
,72,4,-1.58%,-2.78347023435348,-0.01500007,EUR,-15.00,21:15:00,4,0,19.883481500000002,1.98%,116.00000,25,85,1119,155,444,0.057,0.055,0.29200000000000004,-0.02600000000000001,True,0.025,0.042,True
,73,25,-1.07%,2.0303135198080956e-06,-0.06328794,EUR,-63.29,"1 day, 3:22:00",25,0,84.19234682000001,8.31%,703.91101,29,79,937,661,282,0.026,0.149,0.17099999999999999,-0.08700000000000001,True,0.025,0.034,True
,74,11,-1.17%,-2.568696313460346,-0.03039486,EUR,-30.39,14:27:00,11,0,40.37630345,4.00%,109.00000,27,71,228,661,439,0.041999999999999996,0.121,0.095,-0.024000000000000007,True,0.018000000000000002,0.043000000000000003,True
,75,2,0.67%,0.6695996371898799,0.00312472,EUR,3.12,16:30:00,2,0,6.14364855,0.61%,118.00000,24,78,1138,323,121,0.039,0.03,0.239,-0.024000000000000007,True,0.009000000000000001,0.047,True
,76,11,-1.33%,-2.5686963134603458,-0.03445758,EUR,-34.46,13:05:00,11,0,41.60727909,4.13%,109.00000,27,66,284,405,439,0.087,0.1,0.143,-0.024000000000000007,True,0.008,0.035,True
,77,4,-1.93%,-1.4446462357743326,-0.01867248,EUR,-18.67,23:00:00,4,0,30.422116029999998,3.02%,116.00000,25,71,1119,155,316,0.025,0.11199999999999999,0.143,-0.07600000000000001,True,0.018000000000000002,0.043000000000000003,True
,78,4,-0.87%,-1.3874911024498968,-0.00831513,EUR,-8.32,16:00:00,4,0,13.25410722,1.32%,116.00000,25,67,533,349,150,0.062,0.1,0.29200000000000004,-0.02600000000000001,True,0.025,0.028999999999999998,True
,79,12,-2.65%,-1.6370635958173676e-05,-0.07404265,EUR,-74.04,"1 day, 2:40:00",12,0,78.20523192,7.80%,108.00000,28,67,267,691,154,0.057,0.136,0.147,-0.093,True,0.006,0.042,True
,80,305,-0.25%,0.00024028793598232517,-0.18413797,EUR,-184.14,"1 day, 3:19:00",305,0,211.94530680000008,21.12%,"5,761.05241",42,67,1119,155,201,0.057,0.136,0.147,-0.091,True,0.015,0.042,True
,81,4,-2.18%,-1.7644447369910652,-0.02101577,EUR,-21.02,22:30:00,4,0,30.40018019,3.02%,116.00000,25,71,1138,323,121,0.07200000000000001,0.149,0.451,-0.08800000000000001,True,0.012,0.017,True
,82,4,-2.15%,-2.3868545860420074,-0.02074539,EUR,-20.75,"1 day, 6:45:00",4,0,30.494988399999997,3.02%,116.00000,25,67,1115,691,287,0.035,0.055,0.29200000000000004,-0.093,True,0.012,0.041,True
,83,4,-1.54%,-2.78347023435348,-0.01470067,EUR,-14.70,21:30:00,4,0,19.89061503,1.98%,116.00000,25,85,1180,155,444,0.057,0.055,0.29200000000000004,-0.02600000000000001,True,0.025,0.042,True
,84,4,-0.83%,0.930449021732481,-0.00808082,EUR,-8.08,19:45:00,4,0,17.5226849,1.74%,116.00000,25,73,937,134,284,0.039,0.086,0.248,-0.08600000000000001,True,0.012,0.017,True
,85,4,-2.18%,-2.3653921774828244,-0.02100506,EUR,-21.01,"1 day, 7:00:00",4,0,30.48710122,3.02%,116.00000,25,61,1439,155,444,0.07200000000000001,0.055,0.318,-0.082,True,0.025,0.042,True
,86,4,-1.25%,-2.564680727385324,-0.01196450,EUR,-11.96,21:30:00,4,0,18.40278775,1.83%,116.00000,25,85,1138,323,444,0.057,0.055,0.29200000000000004,-0.024000000000000007,True,0.025,0.043000000000000003,True
,87,27,-0.54%,0.12547349371391153,-0.03594440,EUR,-35.94,"1 day, 0:11:00",27,0,82.65002072,8.09%,457.80663,29,67,1226,680,201,0.037,0.149,0.451,-0.08800000000000001,True,0.015,0.017,True
,88,472,-0.24%,0.005202293963919841,-0.24478409,EUR,-244.78,17:11:00,472,0,268.05712148000015,26.20%,"1,298.39700",44,66,284,393,210,0.068,0.136,0.193,-0.079,True,0.008,0.015,True
,89,4,-1.93%,-1.4446462357743326,-0.01867248,EUR,-18.67,23:00:00,4,0,30.422116029999998,3.02%,116.00000,25,67,1115,155,316,0.025,0.126,0.11599999999999999,-0.07600000000000001,True,0.012,0.028999999999999998,True
,90,4,-1.73%,-2.687328305035924,-0.01674234,EUR,-16.74,"1 day, 5:45:00",4,0,27.0732961,2.68%,116.00000,25,67,937,415,282,0.057,0.136,0.147,-0.057,True,0.006,0.042,True
,91,12,-3.26%,-3.870346553121326,-0.09021458,EUR,-90.21,"1 day, 7:55:00",12,0,95.23943243000001,9.48%,108.00000,28,85,1119,155,444,0.057,0.055,0.29200000000000004,-0.091,True,0.015,0.042,True
,92,12,-3.29%,-3.870346550988478,-0.09114093,EUR,-91.14,"1 day, 8:30:00",12,0,95.13822375999999,9.48%,108.00000,28,72,1155,415,282,0.037,0.086,0.451,-0.091,True,0.012,0.048,True
,93,12,-1.32%,-2.588304629586184,-0.03729049,EUR,-37.29,16:15:00,12,0,50.6930026,5.00%,108.00000,28,67,1226,508,201,0.057,0.121,0.143,-0.024000000000000007,True,0.022000000000000002,0.043000000000000003,True
,94,12,-2.71%,-3.870346553496983,-0.07559030,EUR,-75.59,"1 day, 7:20:00",12,0,86.70325441,8.59%,108.00000,28,71,1226,508,201,0.057,0.136,0.394,-0.060000000000000005,True,0.015,0.048,True
,95,2,0.89%,0.8858636673990447,0.00414611,EUR,4.15,18:00:00,2,0,6.150204,0.61%,118.00000,24,66,442,405,439,0.068,0.1,0.143,-0.024000000000000007,True,0.018000000000000002,0.035,True
,96,120,-0.20%,0.00018685568811535036,-0.06349959,EUR,-63.50,"1 day, 2:35:00",120,0,172.17189621999998,17.21%,"46,729.36556",35,72,533,349,444,0.057,0.1,0.29200000000000004,-0.099,True,0.016,0.042,True
,97,25,-1.35%,5.298716472529688e-07,-0.07846000,EUR,-78.46,20:22:00,25,0,79.74119050999998,7.97%,"14,495.89582",29,71,533,197,150,0.08499999999999999,0.086,0.451,-0.08800000000000001,True,0.025,0.028999999999999998,True
,98,26,-0.40%,-8.41663197072641e-05,-0.02462711,EUR,-24.63,15:48:00,26,0,44.59982719,4.39%,378.36107,29,72,984,197,284,0.049,0.086,0.248,-0.02500000000000001,True,0.025,0.025,True
,99,2,2.31%,2.3142814907704525,0.01103188,EUR,11.03,2:30:00,2,0,0.0,0.00%,118.00000,24,71,1119,134,121,0.025,0.11599999999999999,0.238,-0.07600000000000001,True,0.006,0.019000000000000003,True
,100,11,-2.75%,-1.2024464485064301e-05,-0.07039894,EUR,-70.40,"1 day, 1:44:00",11,0,75.58080316,7.52%,109.00000,27,61,228,498,350,0.041999999999999996,0.1,0.143,-0.082,True,0.025,0.028999999999999998,True
,101,2,0.68%,0.6816443061748308,0.00324282,EUR,3.24,11:00:00,2,0,0.0,0.00%,118.00000,24,66,284,134,210,0.068,0.1,0.29200000000000004,-0.08600000000000001,True,0.012,0.028999999999999998,True
,102,12,-2.64%,-1.6370635958173676e-05,-0.07363534,EUR,-73.64,"1 day, 2:40:00",12,0,77.7986589,7.75%,108.00000,28,67,425,415,282,0.057,0.136,0.451,-0.091,True,0.012,0.048,True
,103,4,-1.42%,-2.5646807273853245,-0.01349173,EUR,-13.49,20:45:00,4,0,18.375144810000002,1.83%,116.00000,25,85,1226,155,348,0.057,0.136,0.394,-0.024000000000000007,True,0.006,0.042,True
,104,4,-0.67%,-2.5646807273853245,-0.00654629,EUR,-6.55,21:45:00,4,0,18.50582959,1.83%,116.00000,25,85,1226,508,201,0.057,0.121,0.394,-0.024000000000000007,True,0.018000000000000002,0.048,True
,105,4,-0.40%,-0.46553010996174277,-0.00388625,EUR,-3.89,15:30:00,4,0,13.34600144,1.33%,116.00000,25,67,1115,349,287,0.045,0.1,0.29200000000000004,-0.02600000000000001,True,0.012,0.017,True
,106,25,-0.73%,2.028280698048536e-06,-0.04385525,EUR,-43.86,22:22:00,25,0,70.39512887000001,6.94%,593.19437,29,73,937,134,282,0.037,0.136,0.451,-0.061000000000000006,True,0.012,0.048,True
,107,4,-2.02%,-1.6112279879305154,-0.01954852,EUR,-19.55,18:30:00,4,0,30.402809249999997,3.02%,116.00000,25,67,1119,155,316,0.025,0.055,0.11599999999999999,-0.07600000000000001,True,0.006,0.019000000000000003,True
,108,11,-1.22%,-2.7900798485524025,-0.03157953,EUR,-31.58,14:11:00,11,0,41.87582788,4.14%,109.00000,27,67,675,349,287,0.062,0.1,0.095,-0.02600000000000001,True,0.025,0.034,True
,109,37,-0.51%,1.9182153837665402e-05,-0.04589081,EUR,-45.89,20:41:00,37,0,75.2403153,7.52%,"11,398.79123",30,72,425,241,325,0.037,0.086,0.339,-0.091,True,0.012,0.048,True
,110,4,-1.20%,0.007565453478462947,-0.01156098,EUR,-11.56,"1 day, 0:30:00",4,0,17.53845926,1.74%,116.00000,25,66,284,405,439,0.025,0.11199999999999999,0.143,-0.07600000000000001,True,0.018000000000000002,0.043000000000000003,True
,111,12,-1.24%,-2.5883046300034622,-0.03516363,EUR,-35.16,16:20:00,12,0,50.81061013,5.00%,108.00000,28,67,1226,508,439,0.052000000000000005,0.062,0.143,-0.024000000000000007,True,0.022000000000000002,0.043000000000000003,True
,112,4,-2.52%,-2.6873283046178043,-0.02412106,EUR,-24.12,"1 day, 7:30:00",4,0,30.433535629999998,3.02%,116.00000,25,85,1138,323,121,0.07200000000000001,0.03,0.239,-0.082,True,0.028,0.034,True
,113,11,-1.08%,-2.5944967875781315,-0.02848009,EUR,-28.48,18:00:00,11,0,55.5646031,5.41%,109.00000,27,71,1226,405,439,0.057,0.136,0.394,-0.024000000000000007,True,0.015,0.048,True
,114,12,-2.49%,-2.2690920846531117,-0.07006847,EUR,-70.07,"1 day, 6:55:00",12,0,88.99807003000001,8.78%,108.00000,28,67,1264,508,201,0.057,0.121,0.143,-0.091,True,0.015,0.048,True
,115,12,-2.45%,-3.7541645706791775,-0.06907516,EUR,-69.08,"1 day, 5:45:00",12,0,91.30600887999998,9.03%,108.00000,28,61,1439,691,350,0.07200000000000001,0.136,0.147,-0.082,True,0.006,0.028999999999999998,True
,116,12,-2.72%,-2.2690920834681454,-0.07611861,EUR,-76.12,"1 day, 5:50:00",12,0,89.01183807999999,8.82%,108.00000,28,67,937,415,282,0.057,0.136,0.451,-0.093,True,0.012,0.048,True
,117,4,-0.78%,-2.4799518612023683,-0.00753456,EUR,-7.53,19:00:00,4,0,17.83086946,1.76%,116.00000,25,67,1411,349,282,0.057,0.1,0.29200000000000004,-0.023000000000000007,True,0.025,0.028999999999999998,True
,118,12,-2.39%,-2.269092085361133,-0.06707122,EUR,-67.07,"1 day, 4:10:00",12,0,79.53843207,7.89%,108.00000,28,67,937,508,282,0.057,0.136,0.451,-0.060000000000000005,True,0.015,0.048,True
,119,12,-2.25%,-1.636886759140168e-05,-0.06313059,EUR,-63.13,21:30:00,12,0,74.43920948,7.41%,108.00000,28,67,267,508,201,0.057,0.121,0.147,-0.07600000000000001,True,0.006,0.028000000000000004,True
,120,12,-2.35%,-1.6369726655669215e-05,-0.06587481,EUR,-65.87,"1 day, 1:25:00",12,0,71.09390117000001,7.08%,108.00000,28,67,425,508,282,0.057,0.136,0.394,-0.065,True,0.015,0.048,True
,121,12,-1.37%,-2.790865545178616,-0.03866328,EUR,-38.66,17:30:00,12,0,48.36513497999999,4.79%,108.00000,28,67,1226,349,287,0.062,0.1,0.095,-0.02600000000000001,True,0.015,0.048,True
,122,4,-1.31%,0.007565453896982357,-0.01254555,EUR,-12.55,"1 day, 1:15:00",4,0,17.52005584,1.74%,116.00000,25,73,533,349,150,0.062,0.1,0.28700000000000003,-0.08600000000000001,True,0.025,0.028999999999999998,True
,123,4,-1.09%,0.007565452852182828,-0.01047824,EUR,-10.48,"1 day, 1:30:00",4,0,17.55686268,1.74%,116.00000,25,62,244,691,154,0.057,0.136,0.147,-0.093,True,0.006,0.042,True
,124,11,-2.07%,-1.2025218766975473e-05,-0.05334191,EUR,-53.34,"1 day, 0:22:00",11,0,62.33782902000001,6.19%,109.00000,27,77,425,343,439,0.087,0.1,0.143,-0.053000000000000005,True,0.008,0.048,True
,125,12,-2.56%,-2.2690920857193344,-0.07197831,EUR,-71.98,"1 day, 4:15:00",12,0,88.41031054000001,8.78%,108.00000,28,61,1155,415,282,0.09,0.1,0.451,-0.091,True,0.012,0.025,True
,126,12,-1.50%,-2.5646807273853245,-0.04191539,EUR,-41.92,12:05:00,12,0,42.26590262,4.23%,108.00000,28,71,228,405,201,0.057,0.121,0.143,-0.024000000000000007,True,0.022000000000000002,0.043000000000000003,True
,127,12,-2.83%,-3.870346553740696,-0.07934384,EUR,-79.34,"1 day, 9:35:00",12,0,98.06954197,9.64%,108.00000,28,72,1138,415,444,0.057,0.086,0.29200000000000004,-0.099,True,0.012,0.043000000000000003,True
,128,4,-2.26%,-2.687328304826764,-0.02165319,EUR,-21.65,"1 day, 8:15:00",4,0,27.62309785,2.75%,116.00000,25,85,1226,155,444,0.057,0.055,0.394,-0.060000000000000005,True,0.025,0.042,True
,129,4,-2.25%,-2.687328305661607,-0.02168127,EUR,-21.68,"1 day, 5:30:00",4,0,30.50903706,3.02%,116.00000,25,72,1155,415,150,0.037,0.086,0.29200000000000004,-0.091,True,0.012,0.048,True
,130,11,-2.48%,-1.2023507878951915e-05,-0.06380366,EUR,-63.80,"1 day, 3:16:00",11,0,75.80185088,7.52%,109.00000,27,61,228,679,439,0.041999999999999996,0.121,0.143,-0.082,True,0.018000000000000002,0.028999999999999998,True
,131,12,-2.44%,-2.269092085993543,-0.06879841,EUR,-68.80,"1 day, 7:55:00",12,0,89.60201625,8.82%,108.00000,28,67,1226,691,201,0.082,0.136,0.147,-0.093,True,0.015,0.042,True
,132,12,-3.24%,-3.870346553121326,-0.08969747,EUR,-89.70,"1 day, 8:50:00",12,0,95.47483826000001,9.50%,108.00000,28,72,1155,508,201,0.037,0.086,0.451,-0.092,True,0.015,0.048,True
,133,4,-0.85%,-2.5646807273853245,-0.00817739,EUR,-8.18,19:00:00,4,0,18.47370325,1.83%,116.00000,25,64,1119,405,154,0.057,0.055,0.143,-0.024000000000000007,True,0.006,0.042,True
,134,4,-0.19%,-1.194980570409534,-0.00188930,EUR,-1.89,18:00:00,4,0,11.87074496,1.18%,116.00000,25,71,716,405,439,0.041999999999999996,0.069,0.143,-0.024000000000000007,True,0.018000000000000002,0.043000000000000003,True
,135,4,-2.03%,-2.343929768505923,-0.01962230,EUR,-19.62,"1 day, 6:15:00",4,0,30.523085719999997,3.02%,116.00000,25,67,1115,691,154,0.039,0.055,0.147,-0.093,True,0.012,0.041,True
,136,4,-1.16%,0.007565453269503327,-0.01114008,EUR,-11.14,"1 day, 1:00:00",4,0,17.54634644,1.74%,116.00000,25,81,267,415,282,0.057,0.136,0.147,-0.093,True,0.006,0.042,True
,137,11,-2.77%,-1.2024464485064301e-05,-0.07107900,EUR,-71.08,"1 day, 2:16:00",11,0,77.71251081,7.73%,109.00000,27,67,228,528,439,0.041999999999999996,0.136,0.451,-0.091,True,0.012,0.048,True
,138,2,-0.24%,-0.24124211061210699,-0.00117845,EUR,-1.18,16:00:00,2,0,6.11742675,0.61%,118.00000,24,85,228,498,350,0.041999999999999996,0.068,0.239,-0.024000000000000007,True,0.025,0.034,True
,139,4,-0.75%,-1.3874911030773756,-0.00714088,EUR,-7.14,18:15:00,4,0,13.269862490000001,1.32%,116.00000,25,71,675,349,282,0.057,0.136,0.147,-0.02600000000000001,True,0.025,0.034,True
,140,12,-1.32%,-2.588304629586184,-0.03729049,EUR,-37.29,16:15:00,12,0,50.6930026,5.00%,108.00000,28,67,1226,539,201,0.057,0.121,0.451,-0.024000000000000007,True,0.03,0.043000000000000003,True
,141,11,-2.41%,-1.2024464485064301e-05,-0.06200221,EUR,-62.00,"1 day, 0:16:00",11,0,68.64773066000001,6.83%,109.00000,27,71,228,508,439,0.057,0.121,0.394,-0.060000000000000005,True,0.015,0.048,True
,142,4,-2.18%,-1.7644447369910652,-0.02101577,EUR,-21.02,22:30:00,4,0,30.40018019,3.02%,116.00000,25,72,1138,400,121,0.037,0.086,0.451,-0.091,True,0.012,0.017,True
,143,11,-2.70%,-4.538163456642726,-0.06982635,EUR,-69.83,"1 day, 3:38:00",11,0,88.86748370000001,8.80%,109.00000,27,61,1115,498,350,0.041999999999999996,0.055,0.445,-0.093,True,0.012,0.019000000000000003,True
,144,4,-2.25%,-2.687328305661607,-0.02168127,EUR,-21.68,"1 day, 5:45:00",4,0,30.50903706,3.02%,116.00000,25,85,1155,415,282,0.037,0.086,0.451,-0.091,True,0.025,0.048,True
,145,12,-2.89%,-3.870346551709615,-0.08066801,EUR,-80.67,"1 day, 12:20:00",12,0,100.99507206000001,9.91%,108.00000,28,84,1439,691,282,0.09,0.1,0.147,-0.082,True,0.012,0.028999999999999998,True
,146,11,-1.58%,-2.790079848552402,-0.04062266,EUR,-40.62,13:05:00,11,0,45.56162849,4.53%,109.00000,27,71,228,508,287,0.057,0.121,0.394,-0.02600000000000001,True,0.015,0.048,True
,147,12,-2.68%,-1.636886759140168e-05,-0.07471885,EUR,-74.72,"1 day, 0:50:00",12,0,79.66458887,7.93%,108.00000,28,67,267,508,201,0.057,0.121,0.43200000000000005,-0.099,True,0.012,0.043000000000000003,True
,148,12,-3.05%,-3.870346553954119,-0.08476792,EUR,-84.77,"1 day, 9:10:00",12,0,95.86552889,9.50%,108.00000,28,72,1226,508,201,0.082,0.136,0.147,-0.092,True,0.015,0.048,True
,149,12,-3.23%,-3.870346553121326,-0.08949593,EUR,-89.50,"1 day, 8:50:00",12,0,95.27337992000001,9.48%,108.00000,28,72,1226,415,222,0.057,0.121,0.451,-0.091,True,0.012,0.028999999999999998,True
,150,48,-0.10%,0.00017009954134195526,-0.01524411,EUR,-15.24,"1 day, 8:31:00",48,0,90.84946712000001,9.03%,"1,450.29972",31,72,1155,508,305,0.057,0.136,0.394,-0.092,True,0.015,0.048,True
,151,12,-2.14%,-1.6368966483201833e-05,-0.06036978,EUR,-60.37,"1 day, 2:05:00",12,0,78.55893969,7.80%,108.00000,28,67,937,415,201,0.057,0.121,0.147,-0.093,True,0.006,0.028000000000000004,True
,152,12,-2.90%,-3.870346552662343,-0.08054544,EUR,-80.55,"1 day, 7:00:00",12,0,86.32688561,8.59%,108.00000,28,71,1155,508,201,0.037,0.086,0.394,-0.060000000000000005,True,0.015,0.048,True
,153,12,-2.92%,-3.870346553204935,-0.08168973,EUR,-81.69,"1 day, 11:10:00",12,0,103.35206029,10.12%,108.00000,28,85,1119,640,444,0.07300000000000001,0.136,0.29200000000000004,-0.091,True,0.015,0.042,True
,154,12,-2.97%,-3.8703465538738944,-0.08281557,EUR,-82.82,"1 day, 7:30:00",12,0,104.34513569999999,10.29%,108.00000,28,72,1439,415,350,0.07200000000000001,0.136,0.147,-0.099,True,0.006,0.028999999999999998,True
,155,12,-1.74%,-2.5880816650829597,-0.04876033,EUR,-48.76,16:50:00,12,0,54.32849359000001,5.40%,108.00000,28,71,1226,139,201,0.043,0.136,0.394,-0.024000000000000007,True,0.015,0.048,True
,156,12,-2.37%,-2.269092085361133,-0.06662338,EUR,-66.62,"1 day, 4:00:00",12,0,79.55841669,7.89%,108.00000,28,67,937,415,282,0.052000000000000005,0.136,0.451,-0.060000000000000005,True,0.012,0.048,True
,157,12,-3.15%,-3.870346552662343,-0.08743020,EUR,-87.43,"1 day, 8:50:00",12,0,93.20856558,9.27%,108.00000,28,72,1155,508,201,0.07200000000000001,0.04,0.451,-0.082,True,0.015,0.048,True
,158,12,-1.37%,-2.790865545178616,-0.03866328,EUR,-38.66,17:30:00,12,0,48.36513497999999,4.79%,108.00000,28,67,1226,349,287,0.062,0.086,0.451,-0.02600000000000001,True,0.015,0.048,True
,159,12,-2.65%,-1.6370635958173676e-05,-0.07404265,EUR,-74.04,"1 day, 2:40:00",12,0,78.20523192,7.80%,108.00000,28,72,267,691,154,0.057,0.086,0.147,-0.093,True,0.012,0.042,True
,160,12,-2.90%,-1.601275181810969,-0.08059719,EUR,-80.60,"1 day, 5:55:00",12,0,85.35811497000002,8.50%,108.00000,28,85,937,155,444,0.057,0.136,0.37200000000000005,-0.093,True,0.015,0.048,True
,161,12,-2.71%,-3.870346553496983,-0.07559030,EUR,-75.59,"1 day, 7:20:00",12,0,86.70325441,8.59%,108.00000,28,80,1226,508,201,0.057,0.136,0.394,-0.060000000000000005,True,0.015,0.048,True
,162,12,-1.24%,-2.790865545178616,-0.03514361,EUR,-35.14,17:35:00,12,0,48.54611568999999,4.79%,108.00000,28,67,1226,415,287,0.062,0.1,0.095,-0.02600000000000001,True,0.015,0.048,True
,163,12,-2.40%,-2.2690920857193344,-0.06769233,EUR,-67.69,"1 day, 2:45:00",12,0,84.99885807,8.44%,108.00000,28,67,1155,415,282,0.09,0.1,0.147,-0.07600000000000001,True,0.006,0.025,True
,164,12,-1.45%,-2.5883046308432696,-0.04080403,EUR,-40.80,16:10:00,12,0,50.505893400000005,5.00%,108.00000,28,67,1264,405,201,0.057,0.121,0.143,-0.024000000000000007,True,0.022000000000000002,0.043000000000000003,True
,165,12,-2.76%,-2.2690920834681454,-0.07735415,EUR,-77.35,"1 day, 6:25:00",12,0,90.37282252000001,8.96%,108.00000,28,67,1138,269,444,0.057,0.136,0.451,-0.099,True,0.012,0.038,True
,166,12,-2.01%,-2.269087740700155,-0.05722622,EUR,-57.23,"1 day, 3:05:00",12,0,82.75497883000001,8.15%,108.00000,28,67,1226,508,282,0.09,0.1,0.451,-0.063,True,0.012,0.025,True
,167,406,-0.15%,-8.47417528864439e-06,-0.14248116,EUR,-142.48,15:17:00,406,0,142.48148858000002,14.25%,inf,42,67,228,539,439,0.041999999999999996,0.121,0.143,-0.024000000000000007,True,0.03,0.034,True
,168,12,-2.72%,-2.26909208501622,-0.07613230,EUR,-76.13,"1 day, 6:00:00",12,0,88.56090406999999,8.78%,108.00000,28,67,1119,155,432,0.057,0.136,0.29200000000000004,-0.091,True,0.015,0.048,True
,169,12,-1.43%,-2.5646807273853245,-0.04024228,EUR,-40.24,12:20:00,12,0,42.21405437,4.21%,108.00000,28,71,228,415,201,0.057,0.086,0.29200000000000004,-0.024000000000000007,True,0.022000000000000002,0.043000000000000003,True
,170,12,-2.70%,-1.6368768551762233e-05,-0.07523273,EUR,-75.23,"1 day, 0:30:00",12,0,77.69922643000001,7.75%,108.00000,28,71,228,404,282,0.065,0.121,0.451,-0.091,True,0.022000000000000002,0.048,True
,171,12,-2.25%,-4.456585149453423,-0.06302806,EUR,-63.03,"1 day, 2:25:00",12,0,74.10346261,7.33%,108.00000,28,61,1226,691,350,0.07200000000000001,0.121,0.147,-0.043000000000000003,True,0.03,0.043000000000000003,True
,172,12,-1.45%,-2.5883046308432696,-0.04080403,EUR,-40.80,16:10:00,12,0,50.505893400000005,5.00%,108.00000,28,67,1155,539,201,0.037,0.121,0.451,-0.024000000000000007,True,0.03,0.048,True
,173,12,-2.72%,-2.26909208501622,-0.07613230,EUR,-76.13,"1 day, 6:00:00",12,0,88.56090406999999,8.78%,108.00000,28,67,937,508,282,0.057,0.11399999999999999,0.143,-0.091,True,0.015,0.048,True
,174,48,0.05%,0.00020066141199299097,0.00186451,EUR,1.86,"1 day, 7:48:00",48,0,87.52666923000001,8.67%,963.21768,31,67,1226,539,201,0.057,0.121,0.451,-0.091,True,0.015,0.043000000000000003,True
,175,12,-2.17%,-2.269092085361133,-0.06126434,EUR,-61.26,"1 day, 2:20:00",12,0,79.53843207,7.89%,108.00000,28,67,991,508,282,0.091,0.1,0.451,-0.060000000000000005,True,0.012,0.025,True
,176,12,-1.50%,-2.5646807273853245,-0.04191539,EUR,-41.92,12:05:00,12,0,42.26590262,4.23%,108.00000,28,67,228,405,201,0.082,0.136,0.147,-0.024000000000000007,True,0.015,0.043000000000000003,True
,177,12,-3.09%,-3.8703465521209965,-0.08573762,EUR,-85.74,"1 day, 6:20:00",12,0,88.8343983,8.86%,108.00000,28,72,788,508,463,0.037,0.086,0.143,-0.063,True,0.022000000000000002,0.048,True
,178,12,-2.49%,-2.2690920846531117,-0.07006847,EUR,-70.07,"1 day, 6:55:00",12,0,88.99807003000001,8.78%,108.00000,28,67,1226,415,282,0.062,0.1,0.451,-0.091,True,0.015,0.048,True
,179,12,-1.47%,-2.588304630214526,-0.04144178,EUR,-41.44,16:05:00,12,0,50.47485213,5.00%,108.00000,28,67,1046,539,248,0.057,0.121,0.451,-0.024000000000000007,True,0.012,0.043000000000000003,True
,180,11,-2.83%,-1.2024464485064301e-05,-0.07250355,EUR,-72.50,"1 day, 1:44:00",11,0,77.68483702,7.73%,109.00000,27,67,228,528,307,0.041999999999999996,0.07100000000000001,0.451,-0.091,True,0.012,0.048,True
,181,12,-2.83%,-3.870346553283684,-0.07905194,EUR,-79.05,"1 day, 9:20:00",12,0,96.66519206000001,9.50%,108.00000,28,72,1264,508,463,0.037,0.121,0.143,-0.063,True,0.015,0.048,True
,182,12,-2.41%,-2.2690920848167337,-0.06795728,EUR,-67.96,"1 day, 4:35:00",12,0,88.79979553999999,8.78%,108.00000,28,61,1155,539,282,0.09,0.1,0.451,-0.091,True,0.012,0.025,True
,183,12,-2.11%,-1.637012200564557e-05,-0.05938633,EUR,-59.39,21:00:00,12,0,71.57311752,7.12%,108.00000,28,67,138,508,350,0.09,0.136,0.147,-0.063,True,0.006,0.028999999999999998,True
,184,12,-2.49%,-2.2690920846531117,-0.07027184,EUR,-70.27,"1 day, 6:55:00",12,0,89.20111678,8.80%,108.00000,28,67,1155,508,303,0.037,0.1,0.451,-0.092,True,0.012,0.048,True
,185,12,-2.31%,-1.6370981069913104e-05,-0.06456152,EUR,-64.56,"1 day, 0:50:00",12,0,68.73385075,6.85%,108.00000,28,67,267,691,154,0.057,0.136,0.394,-0.060000000000000005,True,0.006,0.042,True
,186,12,-2.09%,-2.269092085199231,-0.05919295,EUR,-59.19,"1 day, 2:45:00",12,0,79.70092947,7.89%,108.00000,28,67,1155,508,282,0.091,0.1,0.451,-0.060000000000000005,True,0.012,0.023,True
,187,12,-3.15%,-3.870346552417408,-0.08744129,EUR,-87.44,"1 day, 6:20:00",12,0,92.38676033999998,9.19%,108.00000,28,72,937,508,201,0.037,0.086,0.143,-0.07500000000000001,True,0.015,0.048,True
,188,118,-0.18%,0.00024119622917446315,-0.05546756,EUR,-55.47,"1 day, 7:37:00",118,0,198.72134687999997,19.70%,"2,501.07644",35,72,1155,508,282,0.037,0.1,0.195,-0.092,True,0.029,0.038,True
,189,12,-2.55%,-3.870346553242418,-0.07204394,EUR,-72.04,"1 day, 9:55:00",12,0,96.99474975000001,9.48%,108.00000,28,72,1155,508,404,0.07200000000000001,0.04,0.451,-0.091,True,0.015,0.048,True
,190,12,-2.38%,-1.6370635958173676e-05,-0.06686176,EUR,-66.86,"1 day, 0:40:00",12,0,78.20523192,7.80%,108.00000,28,85,267,691,154,0.037,0.136,0.451,-0.093,True,0.006,0.028999999999999998,True
,191,12,-2.99%,-3.870346551918863,-0.08333018,EUR,-83.33,"1 day, 11:20:00",12,0,100.84555707000001,9.91%,108.00000,28,71,1439,691,201,0.09,0.1,0.394,-0.082,True,0.015,0.028999999999999998,True
,192,331,-0.15%,0.00028270617767276336,-0.12840784,EUR,-128.41,"1 day, 3:48:00",331,0,181.83663474000008,17.94%,"1,414.86766",43,84,1439,415,282,0.09,0.094,0.147,-0.066,True,0.006,0.028999999999999998,True
,193,12,-3.05%,-3.870346553954119,-0.08476792,EUR,-84.77,"1 day, 9:10:00",12,0,95.86552889,9.50%,108.00000,28,71,1226,508,201,0.082,0.136,0.147,-0.092,True,0.015,0.048,True
,194,12,-2.65%,-1.6370635958173676e-05,-0.07383935,EUR,-73.84,"1 day, 2:40:00",12,0,78.00194541,7.78%,108.00000,28,67,425,415,282,0.057,0.136,0.451,-0.092,True,0.015,0.048,True
,195,12,-2.43%,-2.269092085993543,-0.06859148,EUR,-68.59,"1 day, 7:55:00",12,0,89.39851995000001,8.80%,108.00000,28,67,1226,691,201,0.082,0.136,0.147,-0.092,True,0.015,0.042,True
,196,12,-2.36%,-2.2690920846531117,-0.06659501,EUR,-66.60,"1 day, 5:40:00",12,0,85.54627528,8.44%,108.00000,28,67,1226,415,282,0.057,0.1,0.451,-0.07600000000000001,True,0.03,0.043000000000000003,True
,197,12,-3.03%,-3.8703465538738944,-0.08430927,EUR,-84.31,"1 day, 5:50:00",12,0,96.95299591,9.63%,108.00000,28,72,1226,415,222,0.057,0.121,0.451,-0.098,True,0.012,0.024,True
,198,237,-0.26%,0.0002202946780884955,-0.14745246,EUR,-147.45,"1 day, 2:39:00",237,0,164.12433045999998,16.41%,inf,40,72,937,289,201,0.037,0.136,0.451,-0.093,True,0.012,0.048,True
,199,12,-1.43%,-2.5646807273853245,-0.04024228,EUR,-40.24,12:20:00,12,0,42.21405437,4.21%,108.00000,28,71,228,415,201,0.057,0.099,0.29200000000000004,-0.024000000000000007,True,0.022000000000000002,0.033,True
,200,12,-3.20%,-3.870346553494249,-0.08856133,EUR,-88.56,"1 day, 6:55:00",12,0,91.65800865,9.14%,108.00000,28,72,1155,415,201,0.082,0.136,0.147,-0.07600000000000001,True,0.015,0.025,True
,201,218,-0.27%,-2.567476620771986,-0.13476301,EUR,-134.76,18:50:00,218,0,158.23268280999997,15.82%,inf,38,84,1226,502,201,0.043,0.136,0.394,-0.024000000000000007,True,0.015,0.048,True
,202,12,-2.68%,-4.650201659541168,-0.07474869,EUR,-74.75,"1 day, 6:10:00",12,0,94.20352975,9.24%,108.00000,28,84,1439,508,282,0.09,0.086,0.147,-0.048,True,0.012,0.048,True
,203,12,-2.31%,-1.6370981069913104e-05,-0.06456152,EUR,-64.56,"1 day, 0:50:00",12,0,68.73385075,6.85%,108.00000,28,80,425,508,201,0.057,0.136,0.394,-0.060000000000000005,True,0.012,0.048,True
,204,12,-3.04%,-3.870346553040215,-0.08457094,EUR,-84.57,"1 day, 9:10:00",12,0,95.66887200000001,9.48%,108.00000,28,72,1226,415,282,0.082,0.136,0.451,-0.091,True,0.015,0.048,True
,205,0,0.00%,0.0,,EUR,0.00,0:00:00,0,0,0.0,0.00%,,22,84,1439,193,201,0.057,0.1,0.147,-0.082,True,0.012,0.028999999999999998,True
,206,12,-1.56%,-2.575181428470366,-0.04362326,EUR,-43.62,13:30:00,12,0,48.16386569000001,4.79%,108.00000,28,67,267,508,304,0.057,0.121,0.43200000000000005,-0.024000000000000007,True,0.012,0.043000000000000003,True
,207,12,-3.01%,-3.8703465517510063,-0.08359559,EUR,-83.60,"1 day, 6:10:00",12,0,88.62067637000001,8.82%,108.00000,28,75,937,508,282,0.057,0.136,0.394,-0.065,True,0.015,0.048,True
,208,99,-0.45%,-1.7408874997448804,-0.10277040,EUR,-102.77,22:25:00,99,0,118.12903805999998,11.81%,inf,34,72,1226,508,282,0.057,0.136,0.451,-0.028999999999999998,True,0.015,0.048,True
,209,12,-2.45%,-3.7541645706791775,-0.06907516,EUR,-69.08,"1 day, 5:45:00",12,0,91.30600887999998,9.03%,108.00000,28,61,1439,691,350,0.088,0.136,0.147,-0.082,True,0.006,0.028999999999999998,True
,210,12,-2.97%,-3.8703465521645533,-0.08295233,EUR,-82.95,"1 day, 12:20:00",12,0,103.27595011999999,10.14%,108.00000,28,72,1439,691,282,0.09,0.086,0.451,-0.092,True,0.012,0.028999999999999998,True
,211,12,-3.24%,-3.870346553121326,-0.08969747,EUR,-89.70,"1 day, 8:50:00",12,0,95.47483826000001,9.50%,108.00000,28,72,1226,415,222,0.082,0.136,0.451,-0.092,True,0.012,0.028999999999999998,True
,212,12,-2.35%,-1.6369726655669215e-05,-0.06587481,EUR,-65.87,"1 day, 1:25:00",12,0,71.09390117000001,7.08%,108.00000,28,67,534,508,201,0.057,0.136,0.394,-0.065,True,0.015,0.048,True
,213,227,-0.39%,2.1530912909428037e-05,-0.19849372,EUR,-198.49,22:54:00,227,0,213.83914461999998,21.38%,inf,39,67,267,539,201,0.068,0.121,0.43200000000000005,-0.099,True,0.012,0.043000000000000003,True
,214,12,-3.24%,-3.870346553121326,-0.08969747,EUR,-89.70,"1 day, 8:50:00",12,0,95.47483826000001,9.50%,108.00000,28,79,1155,508,201,0.07200000000000001,0.04,0.451,-0.092,True,0.015,0.048,True
,215,12,-1.82%,-2.5947197541961735,-0.05092896,EUR,-50.93,18:10:00,12,0,60.50257881,5.99%,108.00000,28,72,1264,508,201,0.057,0.121,0.451,-0.024000000000000007,True,0.015,0.048,True
,216,12,-2.46%,-3.870346553483188,-0.06943937,EUR,-69.44,"1 day, 10:20:00",12,0,94.96368343,9.27%,108.00000,28,72,1155,691,282,0.09,0.1,0.147,-0.082,True,0.012,0.048,True
,217,12,-3.12%,-3.870346551747335,-0.08665268,EUR,-86.65,"1 day, 7:30:00",12,0,92.43139138,9.19%,108.00000,28,72,1155,539,201,0.037,0.028,0.451,-0.07500000000000001,True,0.03,0.048,True
,218,243,-0.48%,0.0001600327724187845,-0.25503129,EUR,-255.03,"1 day, 11:29:00",243,0,257.37185700999987,25.68%,"11,906.93647",41,84,1439,508,201,0.09,0.1,0.451,-0.092,True,0.012,0.048,True
,219,11,-3.35%,-4.538163456642726,-0.08541483,EUR,-85.41,"1 day, 7:33:00",11,0,95.87876689999999,9.49%,109.00000,27,72,937,508,455,0.037,0.136,0.143,-0.093,True,0.006,0.042,True
,220,12,-2.53%,-2.269092085518169,-0.07114166,EUR,-71.14,"1 day, 5:25:00",12,0,85.23382701000001,8.44%,108.00000,28,67,1226,415,222,0.082,0.136,0.451,-0.07600000000000001,True,0.012,0.028999999999999998,True
,221,12,-2.99%,-3.8703465530330674,-0.08303909,EUR,-83.04,"1 day, 6:20:00",12,0,86.13595837,8.59%,108.00000,28,71,1155,343,279,0.037,0.086,0.394,-0.060000000000000005,True,0.012,0.028999999999999998,True
,222,12,-2.41%,-4.6502016606520655,-0.06784219,EUR,-67.84,"1 day, 5:50:00",12,0,94.92562151999999,9.24%,108.00000,28,84,1439,508,282,0.057,0.136,0.147,-0.048,True,0.015,0.048,True
,223,12,-2.45%,-1.636939795704124e-05,-0.06851361,EUR,-68.51,22:45:00,12,0,70.98267993,7.08%,108.00000,28,67,267,508,154,0.057,0.049,0.314,-0.065,True,0.006,0.048,True
,224,223,-0.40%,2.5586677826920035e-05,-0.20117532,EUR,-201.18,23:38:00,223,0,215.8548962500001,21.59%,inf,39,72,425,415,222,0.057,0.136,0.451,-0.092,True,0.012,0.048,True
,225,12,-1.42%,-2.5646807273853245,-0.03989414,EUR,-39.89,12:35:00,12,0,42.00322808,4.19%,108.00000,28,71,310,415,201,0.057,0.1,0.29200000000000004,-0.024000000000000007,True,0.012,0.033,True
,226,12,-2.43%,-2.2690920846531117,-0.06863831,EUR,-68.64,"1 day, 6:55:00",12,0,87.57674278,8.64%,108.00000,28,66,1226,415,282,0.057,0.1,0.451,-0.085,True,0.03,0.043000000000000003,True
,227,12,-2.23%,-1.6369215592343598e-05,-0.06239352,EUR,-62.39,"1 day, 1:05:00",12,0,68.86427524000001,6.85%,108.00000,28,80,425,415,329,0.057,0.136,0.451,-0.060000000000000005,True,0.012,0.048,True
,228,12,-1.45%,-2.5883046308432696,-0.04080403,EUR,-40.80,16:10:00,12,0,50.505893400000005,5.00%,108.00000,28,67,1155,539,201,0.086,0.121,0.451,-0.024000000000000007,True,0.03,0.048,True
,229,12,-1.54%,-2.575181428470366,-0.04310590,EUR,-43.11,14:15:00,12,0,46.66492457,4.65%,108.00000,28,80,523,508,201,0.057,0.121,0.451,-0.024000000000000007,True,0.012,0.048,True
,230,12,-2.94%,-4.650201659938759,-0.08139364,EUR,-81.39,"1 day, 3:10:00",12,0,86.3864296,8.60%,108.00000,28,84,937,508,282,0.057,0.136,0.451,-0.048,True,0.012,0.048,True
,231,12,-1.32%,-2.588304629586184,-0.03729049,EUR,-37.29,16:15:00,12,0,50.6930026,5.00%,108.00000,28,67,1155,539,282,0.057,0.136,0.30100000000000005,-0.024000000000000007,True,0.03,0.048,True
,232,12,-2.15%,-1.6370730029736983e-05,-0.06065245,EUR,-60.65,"1 day, 2:05:00",12,0,78.01805648000001,7.75%,108.00000,28,61,425,691,350,0.057,0.136,0.43800000000000006,-0.091,True,0.006,0.028999999999999998,True
,233,12,-2.09%,-1.6368737289287406e-05,-0.05893160,EUR,-58.93,"1 day, 2:15:00",12,0,71.43418962999999,7.08%,108.00000,28,67,425,508,428,0.057,0.136,0.394,-0.065,True,0.013000000000000001,0.048,True
,234,12,-2.42%,-8.416640071441832e-05,-0.06769536,EUR,-67.70,"1 day, 2:30:00",12,0,71.50781749000001,7.12%,108.00000,28,72,425,508,463,0.057,0.04,0.394,-0.063,True,0.015,0.048,True
,235,12,-2.39%,-1.637126412324524e-05,-0.06691233,EUR,-66.91,"1 day, 0:55:00",12,0,71.08240318,7.09%,108.00000,28,67,425,508,201,0.059000000000000004,0.096,0.251,-0.065,True,0.015,0.048,True
,236,213,-0.47%,0.005803837695061428,-0.22679207,EUR,-226.79,"1 day, 11:54:00",213,0,263.15707209,26.15%,"4,475.99961",40,67,1264,691,463,0.08499999999999999,0.136,0.143,-0.093,True,0.015,0.042,True
,237,12,-2.64%,-3.870346554192376,-0.07414290,EUR,-74.14,"1 day, 8:20:00",12,0,92.87672381,9.13%,108.00000,28,72,1226,508,282,0.057,0.1,0.451,-0.07600000000000001,True,0.02,0.048,True
,238,12,-2.34%,-2.269092085993543,-0.06608232,EUR,-66.08,"1 day, 7:30:00",12,0,87.09222855,8.58%,108.00000,28,67,1155,691,201,0.07200000000000001,0.057,0.151,-0.082,True,0.006,0.048,True
,239,12,-3.23%,-3.870346553121326,-0.08949593,EUR,-89.50,"1 day, 8:50:00",12,0,95.27337992000001,9.48%,108.00000,28,72,1226,415,222,0.057,0.121,0.453,-0.091,True,0.012,0.028999999999999998,True
,240,12,-1.24%,-2.5883046300034622,-0.03516363,EUR,-35.16,16:20:00,12,0,50.81061013,5.00%,108.00000,28,67,1264,539,201,0.037,0.078,0.451,-0.024000000000000007,True,0.03,0.043000000000000003,True
,241,12,-2.00%,-4.071987544033059,-0.05644698,EUR,-56.45,"1 day, 2:10:00",12,0,76.94979933,7.54%,108.00000,28,71,1226,508,323,0.057,0.136,0.451,-0.03900000000000001,True,0.017,0.028999999999999998,True
,242,12,-2.58%,-3.8703465538982726,-0.07243269,EUR,-72.43,"1 day, 7:40:00",12,0,89.87521165999999,8.85%,108.00000,28,72,1264,277,463,0.037,0.121,0.23399999999999999,-0.063,True,0.015,0.048,True
,243,77,-0.43%,7.959432695561531e-06,-0.07967598,EUR,-79.68,"1 day, 4:21:00",77,0,123.33328297999998,12.23%,"1,520.78292",33,67,1155,539,201,0.037,0.121,0.394,-0.060000000000000005,True,0.03,0.048,True
,244,12,-2.49%,-2.2690920846531117,-0.07027184,EUR,-70.27,"1 day, 6:55:00",12,0,89.20111678,8.80%,108.00000,28,67,1264,415,282,0.057,0.13,0.143,-0.092,True,0.022000000000000002,0.043000000000000003,True
,245,12,-2.64%,-2.26909208501622,-0.07403472,EUR,-74.03,"1 day, 6:10:00",12,0,86.47297409000001,8.57%,108.00000,28,65,937,691,162,0.07200000000000001,0.136,0.147,-0.082,True,0.006,0.048,True
,246,12,-2.64%,-1.6370635958173676e-05,-0.07363534,EUR,-73.64,"1 day, 2:40:00",12,0,77.7986589,7.75%,108.00000,28,72,340,508,282,0.057,0.153,0.451,-0.091,True,0.012,0.048,True
,247,12,-2.34%,-2.269092085993543,-0.06627265,EUR,-66.27,"1 day, 7:55:00",12,0,87.09222855,8.58%,108.00000,28,67,1439,415,282,0.09,0.1,0.394,-0.082,True,0.015,0.048,True
,248,12,-2.35%,-4.650201658468134,-0.06598065,EUR,-65.98,"1 day, 4:35:00",12,0,87.83766478000001,8.60%,108.00000,28,84,1439,415,222,0.046,0.136,0.451,-0.048,True,0.012,0.048,True
,249,12,-2.41%,-2.269087740700155,-0.06800466,EUR,-68.00,"1 day, 7:15:00",12,0,89.09694193000001,8.77%,108.00000,28,67,1264,508,222,0.057,0.121,0.143,-0.091,True,0.019,0.028999999999999998,True
,250,12,-1.50%,-2.5646807273853245,-0.04191539,EUR,-41.92,12:05:00,12,0,42.26590262,4.23%,108.00000,28,71,228,415,152,0.057,0.099,0.29200000000000004,-0.024000000000000007,True,0.022000000000000002,0.033,True
,251,12,-1.87%,-1.6012751839092152,-0.05253933,EUR,-52.54,23:35:00,12,0,64.14678202,6.37%,108.00000,28,72,1226,415,222,0.057,0.121,0.394,-0.048,True,0.012,0.012,True
,252,12,-2.64%,-3.7541645701833675,-0.07399175,EUR,-73.99,"1 day, 9:05:00",12,0,93.64039575000001,9.22%,108.00000,28,67,1264,712,350,0.07200000000000001,0.10400000000000001,0.147,-0.082,True,0.016,0.028999999999999998,True
,253,12,-2.34%,-2.269092085993543,-0.06608232,EUR,-66.08,"1 day, 7:30:00",12,0,87.09222855,8.58%,108.00000,28,67,1155,691,201,0.09,0.054,0.29200000000000004,-0.082,True,0.015,0.048,True
,254,12,-1.82%,-2.5947197541961735,-0.05092896,EUR,-50.93,18:10:00,12,0,60.50257881,5.99%,108.00000,28,72,1264,508,201,0.057,0.121,0.143,-0.024000000000000007,True,0.015,0.048,True
,255,12,-2.16%,-1.6369215592343598e-05,-0.06073521,EUR,-60.74,"1 day, 1:35:00",12,0,68.88584598,6.85%,108.00000,28,80,425,691,201,0.079,0.136,0.30000000000000004,-0.060000000000000005,True,0.015,0.042,True
,256,12,-2.75%,-3.870346553239469,-0.07726443,EUR,-77.26,"1 day, 11:40:00",12,0,101.49423587999999,9.91%,108.00000,28,84,1439,508,282,0.07200000000000001,0.086,0.147,-0.082,True,0.022000000000000002,0.048,True
,257,12,-2.96%,-3.8703465531176455,-0.08235621,EUR,-82.36,"1 day, 7:00:00",12,0,88.13682700999999,8.77%,108.00000,28,83,1155,539,201,0.037,0.121,0.143,-0.062000000000000006,True,0.015,0.048,True
,258,12,-3.07%,-3.870346551534805,-0.08536067,EUR,-85.36,"1 day, 5:30:00",12,0,95.5580265,9.50%,108.00000,28,79,1226,415,222,0.057,0.121,0.453,-0.092,True,0.012,0.017,True
,259,12,-2.63%,-1.636886759140168e-05,-0.07330795,EUR,-73.31,"1 day, 2:25:00",12,0,78.09067233,7.77%,108.00000,28,79,425,415,201,0.057,0.136,0.451,-0.092,True,0.015,0.048,True
,260,12,-2.52%,-3.8703465528401995,-0.07088404,EUR,-70.88,"1 day, 7:50:00",12,0,89.62307235,8.81%,108.00000,28,84,1305,508,201,0.07200000000000001,0.136,0.451,-0.065,True,0.015,0.048,True
,261,12,-2.66%,-8.416731035814956e-05,-0.07422048,EUR,-74.22,"1 day, 4:20:00",12,0,78.03270766,7.77%,108.00000,28,83,534,691,201,0.082,0.136,0.147,-0.092,True,0.015,0.048,True
,262,12,-2.23%,-2.269092085910682,-0.06305352,EUR,-63.05,"1 day, 5:30:00",12,0,82.02677874000001,8.09%,108.00000,28,67,1155,508,303,0.037,0.1,0.451,-0.066,True,0.012,0.048,True
,263,12,-2.34%,-2.269092085993543,-0.06608232,EUR,-66.08,"1 day, 7:30:00",12,0,87.09222855,8.58%,108.00000,28,67,1155,691,201,0.07200000000000001,0.04,0.451,-0.082,True,0.006,0.048,True
,264,12,-3.05%,-3.870346553954119,-0.08476792,EUR,-84.77,"1 day, 9:10:00",12,0,95.86552889,9.50%,108.00000,28,80,1155,508,279,0.09,0.1,0.147,-0.092,True,0.012,0.048,True
,265,12,-1.76%,-2.594719750769867,-0.04920824,EUR,-49.21,16:50:00,12,0,60.6115152,5.99%,108.00000,28,71,1155,508,304,0.024,0.121,0.394,-0.024000000000000007,True,0.012,0.043000000000000003,True
,266,12,-2.52%,-2.269092085518169,-0.07096602,EUR,-70.97,"1 day, 4:15:00",12,0,88.89352598,8.80%,108.00000,28,67,1155,508,303,0.07200000000000001,0.1,0.147,-0.092,True,0.012,0.017,True
,267,12,-2.78%,-1.6012751842539585,-0.07731171,EUR,-77.31,"1 day, 4:35:00",12,0,82.07274738,8.17%,108.00000,28,75,937,415,201,0.057,0.099,0.29200000000000004,-0.07500000000000001,True,0.022000000000000002,0.048,True
,268,12,-1.33%,-2.564680727385324,-0.03752610,EUR,-37.53,12:55:00,12,0,42.192699190000006,4.20%,108.00000,28,67,267,508,201,0.057,0.057,0.402,-0.024000000000000007,True,0.006,0.048,True
,269,12,-2.42%,-2.269092085993543,-0.06840163,EUR,-68.40,"1 day, 7:30:00",12,0,89.39851995000001,8.80%,108.00000,28,67,1304,539,201,0.082,0.121,0.451,-0.092,True,0.03,0.048,True
,270,12,-1.97%,-2.594719752730188,-0.05487470,EUR,-54.87,18:00:00,12,0,60.24860604999999,5.99%,108.00000,28,72,1155,508,201,0.037,0.086,0.451,-0.024000000000000007,True,0.03,0.03,True
,271,12,-2.40%,-2.2690920846531117,-0.06772906,EUR,-67.73,"1 day, 4:50:00",12,0,89.40416353,8.82%,108.00000,28,67,1264,415,282,0.057,0.121,0.143,-0.093,True,0.019,0.013000000000000001,True
,272,12,-2.68%,-4.650201659541168,-0.07474869,EUR,-74.75,"1 day, 6:10:00",12,0,94.20352975,9.24%,108.00000,28,78,1439,508,282,0.07200000000000001,0.086,0.135,-0.048,True,0.012,0.048,True
,273,12,-2.67%,-2.269092085518169,-0.07480115,EUR,-74.80,"1 day, 6:40:00",12,0,88.87572146999999,8.80%,108.00000,28,67,1155,508,201,0.057,0.121,0.451,-0.092,True,0.012,0.048,True
,274,12,-2.66%,-2.269092085518169,-0.07459555,EUR,-74.60,"1 day, 6:40:00",12,0,88.67339399999999,8.78%,108.00000,28,67,1155,539,201,0.086,0.121,0.451,-0.091,True,0.012,0.048,True
,275,12,-2.96%,-3.870346553496983,-0.08248838,EUR,-82.49,"1 day, 9:10:00",12,0,93.58974572999999,9.27%,108.00000,28,72,1119,646,201,0.09,0.11000000000000001,0.36100000000000004,-0.082,True,0.015,0.048,True
,276,12,-2.96%,-3.8703465532855024,-0.08245695,EUR,-82.46,"1 day, 9:50:00",12,0,100.07007999,9.83%,108.00000,28,72,1264,508,463,0.037,0.121,0.143,-0.07500000000000001,True,0.015,0.048,True
,277,12,-2.83%,-3.870346553283684,-0.07905194,EUR,-79.05,"1 day, 9:20:00",12,0,96.66519206000001,9.50%,108.00000,28,72,1264,508,463,0.037,0.121,0.389,-0.063,True,0.015,0.048,True
,278,12,-1.54%,-2.5947197524614616,-0.04340645,EUR,-43.41,18:15:00,12,0,60.98724773000001,5.99%,108.00000,28,71,1155,691,201,0.037,0.1,0.394,-0.024000000000000007,True,0.03,0.048,True
,279,12,-2.81%,-3.870346552589289,-0.07830161,EUR,-78.30,"1 day, 7:20:00",12,0,89.40999640000001,8.86%,108.00000,28,71,1264,247,463,0.037,0.121,0.394,-0.063,True,0.012,0.028999999999999998,True
,280,12,-1.54%,-2.575181428470366,-0.04310590,EUR,-43.11,14:15:00,12,0,46.66492457,4.65%,108.00000,28,80,523,508,201,0.08,0.121,0.451,-0.024000000000000007,True,0.012,0.048,True
,281,12,-2.61%,-1.637126412324524e-05,-0.07280630,EUR,-72.81,"1 day, 3:10:00",12,0,78.01350624000001,7.77%,108.00000,28,67,325,691,201,0.07200000000000001,0.04,0.147,-0.092,True,0.015,0.048,True
,282,12,-2.39%,-3.8703465524266756,-0.06760033,EUR,-67.60,"1 day, 9:50:00",12,0,95.13227191,9.27%,108.00000,28,79,1155,691,201,0.07200000000000001,0.057,0.151,-0.082,True,0.006,0.048,True
,283,12,-1.36%,-3.081788044121557,-0.03851095,EUR,-38.51,23:20:00,12,0,54.15793067999999,5.33%,108.00000,28,67,1264,712,222,0.057,0.10400000000000001,0.147,-0.028999999999999998,True,0.019,0.028999999999999998,True
,284,12,-2.81%,-3.870346552589289,-0.07830161,EUR,-78.30,"1 day, 7:20:00",12,0,89.40999640000001,8.86%,108.00000,28,82,1264,508,201,0.037,0.057,0.151,-0.063,True,0.015,0.048,True
,285,12,-1.33%,-2.564680727385324,-0.03752610,EUR,-37.53,12:55:00,12,0,42.192699190000006,4.20%,108.00000,28,83,267,415,304,0.057,0.121,0.281,-0.024000000000000007,True,0.015,0.043000000000000003,True
,286,12,-3.06%,-3.8703465528199894,-0.08490739,EUR,-84.91,"1 day, 6:40:00",12,0,88.90490240999999,8.86%,108.00000,28,84,1264,277,282,0.037,0.086,0.147,-0.063,True,0.015,0.048,True
,287,12,-2.76%,-2.2690920857193344,-0.07713219,EUR,-77.13,"1 day, 6:35:00",12,0,88.86903194,8.82%,108.00000,28,62,1173,415,282,0.057,0.136,0.451,-0.093,True,0.028,0.048,True
,288,12,-2.93%,-3.870346552585646,-0.08171689,EUR,-81.72,"1 day, 7:50:00",12,0,92.81955676,9.19%,108.00000,28,72,1264,508,201,0.037,0.121,0.143,-0.07500000000000001,True,0.015,0.048,True
,289,12,-2.33%,-2.2690920852366094,-0.06550632,EUR,-65.51,"1 day, 4:50:00",12,0,79.62649332,7.89%,108.00000,28,67,1155,539,201,0.037,0.121,0.451,-0.060000000000000005,True,0.029,0.048,True
,290,12,-2.31%,-1.6370981069913104e-05,-0.06456152,EUR,-64.56,"1 day, 0:50:00",12,0,68.73385075,6.85%,108.00000,28,80,267,691,154,0.057,0.136,0.394,-0.060000000000000005,True,0.006,0.042,True
,291,12,-1.44%,-2.594719752882246,-0.04061375,EUR,-40.61,16:15:00,12,0,54.709209439999995,5.42%,108.00000,28,80,1226,508,222,0.057,0.121,0.451,-0.024000000000000007,True,0.012,0.017,True
,292,12,-0.46%,-3.816008982517891e-06,-0.01306629,EUR,-13.07,16:00:00,12,0,28.264749540000004,2.81%,108.00000,28,67,937,415,201,0.057,0.136,0.451,-0.027999999999999997,True,0.006,0.01,True
,293,12,-1.24%,-2.5883046300034622,-0.03516363,EUR,-35.16,16:20:00,12,0,50.81061013,5.00%,108.00000,28,67,1155,539,304,0.037,0.121,0.394,-0.024000000000000007,True,0.012,0.048,True
,294,12,-2.55%,-2.269092084885924,-0.07171680,EUR,-71.72,"1 day, 5:20:00",12,0,85.80870669,8.50%,108.00000,28,67,1155,539,201,0.037,0.121,0.451,-0.07500000000000001,True,0.03,0.048,True
,295,0,0.00%,0.0,,EUR,0.00,0:00:00,0,0,0.0,0.00%,,23,84,1226,415,282,0.09,0.086,0.30800000000000005,-0.048,True,0.012,0.017,True
,296,12,-2.38%,-3.7541645701833675,-0.06702824,EUR,-67.03,"1 day, 7:00:00",12,0,86.70585373,8.54%,108.00000,28,67,1264,712,222,0.057,0.136,0.394,-0.060000000000000005,True,0.019,0.028999999999999998,True
,297,12,-2.54%,-3.8703465528401995,-0.07127456,EUR,-71.27,"1 day, 7:45:00",12,0,90.01298002,8.85%,108.00000,28,72,1264,277,463,0.057,0.119,0.451,-0.063,True,0.012,0.038,True
,298,12,-1.26%,-2.5947197520470984,-0.03592218,EUR,-35.92,18:30:00,12,0,61.454898740000004,5.99%,108.00000,28,71,1155,691,201,0.082,0.1,0.394,-0.024000000000000007,True,0.03,0.048,True
,299,12,-2.23%,-2.269092085910682,-0.06305352,EUR,-63.05,"1 day, 5:30:00",12,0,82.02677874000001,8.09%,108.00000,28,67,1155,508,303,0.037,0.121,0.11499999999999999,-0.066,True,0.03,0.048,True
,300,12,-3.00%,-3.8703465517510063,-0.08326486,EUR,-83.26,"1 day, 7:00:00",12,0,89.04508985000001,8.86%,108.00000,28,72,1155,277,463,0.067,0.04,0.451,-0.063,True,0.015,0.048,True
